Directed By,Role,Date Issued,Account ID,Account Name,Instruction,Action Requested,Status
K. Ruiz,Branch Manager,2026-09-28,ACT-10093,Blue Harbor Property Mgmt,Rebroker before renewal. Carrier filed a rate increase on this class.,Obtain two competing quotes and present by the 20th,Open
K. Ruiz,Branch Manager,2026-09-18,ACT-10199,Sable Fabrication,Loss ratio above appetite. Schedule a risk-control visit.,Book the visit and log the findings before quoting,Open
K. Ruiz,Branch Manager,2026-09-18,ACT-10203,Foxglove Plumbing,Client asked about cyber last quarter and we never followed up.,Bring a cyber quote to the renewal meeting,Open
K. Ruiz,Branch Manager,2026-09-19,ACT-10196,Basswood Landscaping,Multi-policy account with a single line. Round out the account.,Quote the two lines we do not currently write,Open
T. Bergeron,Branch Manager,2026-09-23,ACT-10118,Blue Harbor Electric,Renewal at risk. Competitor is quoting this account.,"Call the principal directly, not the office manager",Open
T. Bergeron,Branch Manager,2026-09-24,ACT-10111,Halyard Orchards,Premium grew over 20 percent on last renewal. Confirm exposure is accurate.,Re-verify payroll and receipts before binding,Open
T. Bergeron,Branch Manager,2026-09-28,ACT-10081,Millrace Staffing,Certificates requested three times this quarter. Service issue.,"Fix the certificate process, then discuss renewal",Open
T. Bergeron,Branch Manager,2026-09-27,ACT-10155,Kestrel Fabrication,Carrier is non-renewing this program statewide.,Market to the replacement carrier list this month,Open
T. Bergeron,Branch Manager,2026-09-24,ACT-10088,Sable Bakery,Highest-value account in the branch. Do not let this one drift.,Confirm the renewal meeting is on the calendar,Open
