site_id,tier,renewal_month,covered_units,at_risk
S-1001,Gold,2027-02,9,No
S-1002,Silver,2027-03,7,No
S-1003,None,2027-04,5,No
S-1004,Platinum,2027-05,3,No
S-1005,Gold,2027-06,10,No
S-1006,Silver,2027-07,8,No
S-1007,None,2027-08,6,Yes
S-1008,Platinum,2027-09,4,No
S-1009,Gold,2026-10,2,No
S-1010,Silver,2026-11,9,No
S-1012,Platinum,2027-01,5,No
S-1013,Gold,2027-02,3,No
S-1014,Silver,2027-03,10,Yes
S-1015,None,2027-04,8,No
S-1016,Platinum,2027-05,6,No
S-1017,Gold,2027-06,4,No
S-1018,Silver,2027-07,2,No
S-1019,None,2027-08,9,No
S-1020,Platinum,2027-09,7,No
S-1021,Gold,2026-10,5,Yes
S-1022,Silver,2026-11,3,No
S-1023,None,2026-12,10,No
S-1024,Platinum,2027-01,8,No
S-1025,Gold,2027-02,6,No
S-1026,Silver,2027-03,4,No
S-1027,None,2027-04,2,No
S-1028,Platinum,2027-05,9,Yes
S-1029,Gold,2027-06,7,No
S-1030,Silver,2027-07,5,No
S-1031,None,2027-08,3,No
S-1033,Gold,2026-10,8,No
S-1034,Silver,2026-11,6,No
S-1035,None,2026-12,4,Yes
S-1036,Platinum,2027-01,2,No
S-1037,Gold,2027-02,9,No
S-1038,Silver,2027-03,7,No
S-1039,None,2027-04,5,No
S-1040,Platinum,2027-05,3,No
S-1041,Gold,2027-06,10,No
S-1042,Silver,2027-07,8,Yes
S-1043,None,2027-08,6,No
S-1044,Platinum,2027-09,4,No
S-1045,Gold,2026-10,2,No
S-1046,Silver,2026-11,9,No
S-1047,None,2026-12,7,No
S-1048,Platinum,2027-01,5,No
